{"cameraMode":{"drawMode":0,"name":"Shaded","section":"Shading Mode"},"sceneLighting":true,"audioPlay":false,"sceneViewState":{"showFog":true,"showMaterialUpdate":false,"showSkybox":false,"showFlares":true,"showImageEffects":true,"showParticleSystems":true},"in2DMode":false,"pivot":{"x":-4.285112380981445,"y":1.3396127223968506,"z":-5.682861804962158},"rotation":{"x":-0.03749088943004608,"y":-0.4740820825099945,"z":-0.020184244960546495,"w":0.8794797658920288},"size":1.5560901165008546,"orthographic":false}